State,Murder,Assault,UrbanPop,Rape
Community_1,2.2,45,33,42.1
Community_2,16.1,45,39,35.9
Community_3,7.1,45,61,28.8
Community_4,10.2,45,91,10.1
Community_5,12.7,45,33,44.0
Community_6,1.5,45,36,28.1
Community_7,13.3,45,32,45.2
Community_8,1.5,45,34,24.9
Community_9,6.2,45,44,39.8
Community_10,8.7,45,36,40.9
Community_11,1.5,45,41,9.7
Community_12,10.8,45,37,42.5
Community_13,7.4,45,33,44.4
Community_14,16.7,45,32,45.2
Community_15,1.5,45,33,40.2
Community_16,5.6,45,36,43.3
Community_17,10.8,45,56,31.6
Community_18,10.2,45,33,43.7
Community_19,5.3,45,33,44.8
Community_20,12.7,45,35,44.4
Community_21,1.5,45,35,34.7
Community_22,3.4,45,60,30.0
Community_23,12.4,45,33,40.9
Community_24,5.6,45,34,41.7
Community_25,1.5,45,35,7.0
Community_26,2.2,45,33,42.5
Community_27,1.5,45,59,7.0
Community_28,11.7,45,33,45.6
Community_29,16.4,45,57,32.0
Community_30,2.5,45,33,45.2
Community_31,0.0,45,32,45.6
Community_32,5.6,45,40,39.8
Community_33,0.0,45,51,34.3
Community_34,15.5,45,62,29.6
Community_35,1.5,45,36,30.4
Community_36,5.3,45,43,39.8
Community_37,1.5,45,36,35.9
Community_38,12.4,45,33,33.9
Community_39,12.1,45,46,32.4
Community_40,10.2,45,44,33.1
Community_41,10.2,45,33,45.2
Community_42,13.3,45,37,41.3
Community_43,0.0,45,91,7.0
Community_44,1.5,45,33,40.2
Community_45,10.2,45,33,39.0
Community_46,2.2,45,33,42.1
Community_47,10.2,45,59,30.8
Community_48,10.5,45,34,33.9
Community_49,2.2,45,33,44.0
Community_50,9.9,45,33,45.2
Community_51,5.3,45,42,39.8
Community_52,1.5,45,40,28.8
Community_53,10.2,45,49,34.7
Community_54,10.2,45,33,45.2
Community_55,11.7,45,33,45.6
Community_56,14.5,45,38,38.2
Community_57,1.5,45,35,36.6
Community_58,16.1,45,33,44.0
Community_59,0.0,45,60,29.6
Community_60,10.2,45,32,45.2
Community_61,10.2,45,33,44.8
Community_62,15.5,45,47,38.2
Community_63,12.4,45,33,43.3
Community_64,0.9,45,38,32.0
Community_65,1.5,45,43,27.7
Community_66,1.5,45,33,42.5
Community_67,11.1,45,60,30.8
Community_68,10.2,45,36,40.5
Community_69,10.2,45,46,22.2
Community_70,10.8,45,33,44.8
Community_71,8.7,45,35,42.5
Community_72,1.5,45,33,41.3
Community_73,5.6,45,33,44.4
Community_74,2.5,45,33,45.2
Community_75,2.5,45,37,40.2
Community_76,7.4,45,33,44.8
Community_77,12.1,45,44,35.1
Community_78,14.5,45,80,15.6
Community_79,2.2,45,34,35.9
Community_80,2.2,45,45,35.5
Community_81,10.8,45,48,32.0
Community_82,14.8,45,35,38.6
Community_83,14.5,45,44,32.4
Community_84,11.7,45,32,46.0
Community_85,13.9,45,33,42.5
Community_86,8.7,45,34,43.3
Community_87,0.9,45,32,44.8
Community_88,1.5,45,33,42.5
Community_89,12.4,45,32,44.4
Community_90,1.5,45,33,41.7
Community_91,3.4,45,44,37.8
Community_92,8.3,45,51,35.1
Community_93,13.3,45,33,44.8
Community_94,12.4,45,33,43.7
Community_95,1.5,45,35,39.8
Community_96,7.4,45,37,39.8
Community_97,1.5,45,34,39.0
Community_98,5.6,45,35,40.2
Community_99,2.5,45,34,44.8
Community_100,9.9,45,33,44.4
Community_101,12.1,45,54,28.8
Community_102,10.2,45,35,42.1
Community_103,3.4,45,42,39.0
Community_104,14.5,45,39,35.9
Community_105,13.9,45,33,44.4
Community_106,6.5,45,72,24.9
Community_107,1.5,45,34,39.4
Community_108,12.7,45,37,42.1
Community_109,14.5,45,46,30.8
Community_110,0.9,45,37,31.2
Community_111,3.4,45,55,32.7
Community_112,12.7,45,33,44.8
Community_113,7.4,45,34,44.4
Community_114,1.5,45,35,30.4
Community_115,1.5,45,38,34.3
Community_116,10.2,45,35,35.5
Community_117,1.5,45,91,7.0
Community_118,12.7,45,33,43.7
Community_119,3.4,45,36,43.3
Community_120,1.5,45,37,35.9
Community_121,3.4,45,37,42.1
Community_122,10.2,45,45,36.6
Community_123,11.7,45,33,45.2
Community_124,13.6,45,49,36.6
Community_125,9.9,45,33,45.6
Community_126,11.7,45,33,44.4
Community_127,12.7,45,38,41.7
Community_128,1.5,45,39,24.6
Community_129,1.5,45,33,19.1
Community_130,11.7,45,34,45.2
Community_131,8.3,45,90,15.6
Community_132,7.4,45,33,45.2
Community_133,4.6,45,33,37.4
Community_134,1.5,45,34,35.1
Community_135,10.2,45,34,41.7
Community_136,10.2,45,34,40.5
Community_137,7.4,45,33,44.4
Community_138,1.5,45,34,36.2
Community_139,14.2,45,56,33.1
Community_140,1.5,45,33,41.3
Community_141,1.5,45,43,36.6
Community_142,9.9,45,33,44.4
Community_143,1.2,45,80,20.3
Community_144,10.2,45,33,45.6
Community_145,1.5,45,34,36.2
Community_146,7.4,45,35,34.7
Community_147,6.5,45,83,18.7
Community_148,12.7,45,34,44.8
Community_149,3.4,45,66,26.9
Community_150,3.4,45,56,31.6
Community_151,14.5,45,37,33.5
Community_152,11.1,45,76,20.6
Community_153,11.7,45,33,45.6
Community_154,13.3,45,32,45.6
Community_155,3.4,45,76,22.2
Community_156,10.2,45,56,13.2
Community_157,1.5,45,33,41.7
Community_158,11.1,45,91,14.0
Community_159,3.4,45,42,39.8
Community_160,12.1,45,34,41.3
Community_161,8.7,45,34,41.3
Community_162,2.5,45,33,44.4
Community_163,7.4,45,33,44.8
Community_164,7.4,45,33,44.8
Community_165,10.2,45,36,42.5
Community_166,1.5,45,36,35.1
Community_167,15.5,45,37,38.6
Community_168,14.5,45,35,41.7
Community_169,11.1,45,73,24.6
Community_170,11.7,45,36,43.7
Community_171,16.4,45,40,41.7
Community_172,12.7,45,34,44.4
Community_173,5.3,45,33,44.8
Community_174,14.5,45,33,30.8
Community_175,7.4,45,41,35.9
Community_176,10.2,45,40,38.2
Community_177,12.7,45,33,44.0
Community_178,10.2,45,66,15.2
Community_179,16.1,45,33,43.3
Community_180,12.1,45,43,37.4
Community_181,11.7,45,54,33.9
Community_182,10.5,45,33,42.1
Community_183,14.5,45,51,27.3
Community_184,10.2,45,34,41.3
Community_185,2.5,45,37,42.5
Community_186,11.1,45,71,24.6
Community_187,3.4,45,36,42.1
Community_188,5.3,45,33,44.4
Community_189,12.7,45,38,41.7
Community_190,11.7,45,33,45.2
Community_191,10.2,45,39,32.7
Community_192,7.4,45,34,43.3
Community_193,11.7,45,37,39.8
Community_194,14.5,45,34,41.7
Community_195,14.8,45,32,44.8
Community_196,7.4,45,33,45.6
Community_197,15.1,45,33,45.2
Community_198,3.7,45,91,14.4
Community_199,1.5,45,33,41.7
Community_200,11.1,45,66,27.3
Community_201,3.4,77,49,34.3
Community_202,10.2,77,34,43.3
Community_203,5.3,77,32,41.7
Community_204,1.5,77,35,19.9
Community_205,12.7,77,32,44.8
Community_206,12.4,77,33,42.1
Community_207,1.5,77,34,30.0
Community_208,11.7,77,34,44.0
Community_209,7.4,77,33,45.2
Community_210,13.6,77,46,35.9
Community_211,7.1,77,69,21.8
Community_212,16.4,77,33,45.6
Community_213,3.4,77,47,36.2
Community_214,10.2,77,36,39.8
Community_215,14.5,77,35,42.1
Community_216,1.5,77,33,39.8
Community_217,14.5,77,38,37.0
Community_218,14.8,77,32,45.2
Community_219,15.5,77,74,23.8
Community_220,6.8,77,33,45.2
Community_221,16.7,77,32,45.6
Community_222,10.8,77,56,30.0
Community_223,12.7,77,46,28.8
Community_224,11.7,77,32,45.2
Community_225,16.7,77,33,44.8
Community_226,0.0,77,59,31.6
Community_227,14.5,77,57,31.6
Community_228,13.3,77,36,39.8
Community_229,13.6,77,80,20.6
Community_230,3.7,77,77,22.2
Community_231,5.6,77,37,41.3
Community_232,12.7,77,33,45.2
Community_233,16.1,77,32,41.3
Community_234,2.5,77,73,18.3
Community_235,7.4,77,33,44.8
Community_236,14.5,77,53,26.5
Community_237,1.5,77,54,18.3
Community_238,16.7,77,34,44.4
Community_239,7.4,77,33,44.0
Community_240,16.1,77,34,41.7
Community_241,7.4,77,33,43.3
Community_242,12.7,77,34,42.9
Community_243,1.5,77,34,31.2
Community_244,1.5,77,33,23.4
Community_245,11.7,77,48,37.4
Community_246,1.5,77,33,40.5
Community_247,1.5,77,39,28.1
Community_248,3.4,77,33,45.2
Community_249,13.6,77,85,17.9
Community_250,16.7,77,33,42.5
Community_251,11.1,77,69,25.7
Community_252,3.4,77,55,33.1
Community_253,5.3,77,33,44.4
Community_254,10.2,77,46,34.7
Community_255,12.7,77,33,45.2
Community_256,13.6,77,72,23.8
Community_257,8.7,77,41,40.5
Community_258,12.7,77,34,44.0
Community_259,16.4,77,36,43.7
Community_260,14.5,77,35,44.0
Community_261,5.3,77,34,44.4
Community_262,3.4,77,58,32.0
Community_263,15.5,77,91,12.1
Community_264,2.5,77,37,42.1
Community_265,13.3,77,33,45.6
Community_266,14.2,77,41,39.8
Community_267,0.0,77,81,20.3
Community_268,8.7,77,39,41.3
Community_269,8.7,77,34,44.0
Community_270,7.4,77,33,44.8
Community_271,7.4,77,37,42.9
Community_272,14.2,77,37,43.3
Community_273,3.4,77,43,39.0
Community_274,5.3,77,58,31.6
Community_275,7.4,77,33,45.2
Community_276,1.5,77,52,21.4
Community_277,0.0,77,78,21.8
Community_278,2.5,77,41,40.2
Community_279,2.5,77,33,45.2
Community_280,11.4,77,32,44.0
Community_281,14.5,77,34,42.1
Community_282,7.4,77,33,44.8
Community_283,12.7,77,33,45.6
Community_284,2.2,77,33,42.5
Community_285,10.2,77,38,36.6
Community_286,14.5,77,68,24.6
Community_287,10.2,77,54,30.4
Community_288,9.9,77,32,45.2
Community_289,14.5,77,55,32.0
Community_290,7.4,77,32,45.6
Community_291,10.2,77,33,44.8
Community_292,15.5,77,50,35.1
Community_293,12.7,77,33,44.8
Community_294,12.7,77,38,37.8
Community_295,11.7,77,37,42.9
Community_296,10.2,77,36,42.1
Community_297,1.5,77,48,21.0
Community_298,10.2,77,33,40.5
Community_299,1.5,77,32,31.6
Community_300,16.1,77,34,41.7
Community_301,11.7,77,37,42.5
Community_302,0.0,77,37,42.5
Community_303,0.0,77,58,32.0
Community_304,3.7,77,44,36.2
Community_305,12.1,77,34,41.7
Community_306,1.5,77,34,40.9
Community_307,14.5,77,46,30.0
Community_308,11.7,77,44,39.4
Community_309,10.2,77,39,40.5
Community_310,7.4,77,33,43.7
Community_311,8.7,77,32,45.6
Community_312,10.2,77,39,40.9
Community_313,10.2,77,37,40.5
Community_314,11.7,77,53,34.7
Community_315,10.2,77,38,37.8
Community_316,10.8,77,50,35.5
Community_317,11.1,77,78,21.0
Community_318,1.5,77,32,14.8
Community_319,11.7,77,33,44.4
Community_320,1.5,77,33,39.0
Community_321,6.2,77,43,40.2
Community_322,12.1,77,37,39.8
Community_323,6.8,77,33,45.2
Community_324,14.5,77,67,21.0
Community_325,1.5,77,35,37.4
Community_326,0.9,77,33,28.1
Community_327,5.6,77,33,44.8
Community_328,14.2,77,35,44.0
Community_329,10.2,77,53,33.5
Community_330,1.5,77,33,14.8
Community_331,11.7,77,40,40.5
Community_332,14.5,77,35,42.1
Community_333,10.2,77,37,40.9
Community_334,10.2,77,91,7.4
Community_335,14.5,77,59,27.7
Community_336,12.7,77,34,44.0
Community_337,14.8,77,33,42.5
Community_338,11.7,77,34,44.4
Community_339,2.5,77,46,36.6
Community_340,14.5,77,33,41.3
Community_341,10.2,77,33,44.4
Community_342,11.7,77,38,41.7
Community_343,7.4,77,46,35.5
Community_344,10.8,77,32,45.6
Community_345,16.7,77,32,45.2
Community_346,16.7,77,33,42.9
Community_347,16.1,77,44,31.6
Community_348,2.2,77,33,39.8
Community_349,10.2,77,33,42.9
Community_350,16.1,77,34,39.0
Community_351,2.5,77,35,43.7
Community_352,11.7,77,36,43.3
Community_353,13.9,77,32,43.7
Community_354,11.7,77,34,44.0
Community_355,14.8,77,32,44.0
Community_356,10.8,77,41,39.4
Community_357,7.4,77,33,44.4
Community_358,10.2,77,33,43.7
Community_359,5.3,77,33,45.2
Community_360,12.1,77,33,42.9
Community_361,0.0,77,56,32.0
Community_362,8.7,77,61,30.4
Community_363,0.0,77,91,7.8
Community_364,12.4,77,32,44.0
Community_365,12.4,77,33,42.1
Community_366,5.3,77,56,32.0
Community_367,12.7,77,46,37.8
Community_368,14.5,77,33,20.6
Community_369,14.5,77,39,35.9
Community_370,8.7,77,37,43.3
Community_371,14.5,77,73,24.2
Community_372,3.7,77,50,34.3
Community_373,16.7,77,33,45.2
Community_374,9.9,77,33,44.8
Community_375,3.7,77,59,27.3
Community_376,1.5,77,33,37.8
Community_377,2.5,77,33,43.7
Community_378,14.8,77,33,42.5
Community_379,10.2,77,77,15.6
Community_380,13.6,77,50,36.2
Community_381,12.7,77,43,33.5
Community_382,14.2,77,45,39.0
Community_383,10.2,77,36,43.3
Community_384,2.2,77,33,40.2
Community_385,10.2,77,55,25.3
Community_386,14.5,77,59,29.6
Community_387,1.5,77,43,26.5
Community_388,14.5,77,47,37.0
Community_389,1.5,77,48,26.5
Community_390,11.7,77,33,44.4
Community_391,1.5,77,32,25.7
Community_392,16.1,77,37,37.0
Community_393,11.1,77,63,26.9
Community_394,14.5,77,47,30.8
Community_395,14.5,77,33,44.4
Community_396,4.6,77,32,44.8
Community_397,14.5,77,32,37.0
Community_398,12.7,77,40,41.3
Community_399,15.5,77,57,32.0
Community_400,3.4,77,49,36.6
Community_401,11.7,110,53,34.7
Community_402,16.7,110,67,24.2
Community_403,6.5,110,56,32.4
Community_404,14.5,110,44,24.6
Community_405,1.5,110,35,28.8
Community_406,0.9,110,37,21.4
Community_407,8.0,110,33,43.7
Community_408,2.2,110,36,37.0
Community_409,11.1,110,89,16.0
Community_410,1.5,110,46,33.5
Community_411,3.4,110,81,18.3
Community_412,10.8,110,45,35.5
Community_413,11.1,110,50,35.9
Community_414,7.1,110,91,9.7
Community_415,10.2,110,40,39.4
Community_416,3.4,110,33,44.8
Community_417,5.3,110,32,45.6
Community_418,10.2,110,34,40.5
Community_419,7.4,110,33,45.2
Community_420,14.5,110,37,36.6
Community_421,0.0,110,83,18.7
Community_422,7.4,110,36,42.5
Community_423,10.2,110,32,43.7
Community_424,6.2,110,41,40.9
Community_425,12.7,110,33,44.4
Community_426,14.5,110,37,40.2
Community_427,12.7,110,33,45.6
Community_428,13.6,110,72,25.3
Community_429,14.5,110,33,37.4
Community_430,1.5,110,41,31.2
Community_431,13.3,110,33,44.8
Community_432,1.5,110,50,22.2
Community_433,16.7,110,40,40.9
Community_434,8.3,110,84,18.7
Community_435,6.8,110,32,45.6
Community_436,10.2,110,34,43.3
Community_437,10.8,110,41,39.8
Community_438,2.5,110,35,43.3
Community_439,1.5,110,37,23.0
Community_440,2.2,110,33,41.3
Community_441,3.4,110,34,42.9
Community_442,14.2,110,56,33.5
Community_443,1.2,110,32,46.0
Community_444,11.7,110,33,45.2
Community_445,14.5,110,66,23.0
Community_446,14.2,110,40,41.3
Community_447,0.0,110,60,30.4
Community_448,10.2,110,91,7.0
Community_449,10.2,110,34,40.5
Community_450,11.7,110,33,44.0
Community_451,14.2,110,91,13.6
Community_452,16.7,110,32,44.0
Community_453,11.1,110,53,35.1
Community_454,5.3,110,43,40.2
Community_455,14.5,110,59,26.9
Community_456,14.8,110,32,45.2
Community_457,8.7,110,36,43.3
Community_458,3.4,110,59,26.1
Community_459,15.5,110,41,40.5
Community_460,9.9,110,33,45.2
Community_461,3.7,110,85,18.7
Community_462,11.7,110,33,44.0
Community_463,1.5,110,33,9.3
Community_464,7.4,110,34,44.0
Community_465,16.1,110,34,42.1
Community_466,2.2,110,34,43.7
Community_467,10.2,110,53,32.4
Community_468,1.5,110,33,33.1
Community_469,11.7,110,49,37.0
Community_470,10.2,110,33,44.8
Community_471,16.1,110,34,41.3
Community_472,14.8,110,32,44.4
Community_473,3.7,110,66,27.3
Community_474,11.1,110,51,35.1
Community_475,3.7,110,85,17.9
Community_476,16.1,110,33,42.5
Community_477,16.7,110,50,35.5
Community_478,1.5,110,33,7.0
Community_479,16.7,110,32,45.2
Community_480,14.2,110,51,35.1
Community_481,3.4,110,33,45.2
Community_482,1.5,110,34,40.5
Community_483,6.2,110,56,33.1
Community_484,14.5,110,37,38.2
Community_485,10.8,110,36,42.5
Community_486,14.5,110,46,28.4
Community_487,16.1,110,34,42.1
Community_488,11.7,110,37,41.7
Community_489,14.2,110,43,40.5
Community_490,10.2,110,33,45.2
Community_491,10.2,110,33,44.0
Community_492,8.3,110,91,10.5
Community_493,7.4,110,33,43.7
Community_494,10.2,110,33,43.3
Community_495,16.1,110,38,22.2
Community_496,10.5,110,34,37.4
Community_497,2.5,110,50,33.9
Community_498,11.7,110,44,39.4
Community_499,7.4,110,32,45.6
Community_500,1.5,110,50,22.6
Community_501,7.4,110,33,44.0
Community_502,1.2,110,41,40.5
Community_503,10.2,110,34,41.7
Community_504,16.7,110,33,44.8
Community_505,12.1,110,51,32.4
Community_506,14.2,110,50,35.9
Community_507,11.7,110,48,33.1
Community_508,12.4,110,33,39.8
Community_509,14.5,110,50,23.4
Community_510,6.8,110,33,44.8
Community_511,12.1,110,34,40.2
Community_512,16.7,110,39,40.2
Community_513,11.7,110,41,40.9
Community_514,1.5,110,34,39.8
Community_515,12.1,110,36,39.4
Community_516,12.7,110,37,42.5
Community_517,10.2,110,36,37.8
Community_518,1.2,110,37,42.5
Community_519,2.2,110,33,35.5
Community_520,5.6,110,32,45.6
Community_521,3.4,110,38,40.9
Community_522,7.4,110,34,42.1
Community_523,11.7,110,58,30.8
Community_524,1.2,110,67,27.7
Community_525,10.8,110,40,41.3
Community_526,10.5,110,36,33.1
Community_527,3.7,110,91,14.0
Community_528,10.8,110,33,45.2
Community_529,1.5,110,33,21.4
Community_530,13.3,110,33,45.6
Community_531,10.2,110,40,39.8
Community_532,2.2,110,33,43.3
Community_533,11.7,110,54,32.4
Community_534,1.5,110,34,35.9
Community_535,12.7,110,32,46.0
Community_536,13.6,110,43,39.0
Community_537,16.7,110,32,45.6
Community_538,10.2,110,56,30.8
Community_539,10.2,110,33,44.0
Community_540,11.1,110,82,19.5
Community_541,12.7,110,40,39.4
Community_542,1.5,110,34,33.5
Community_543,12.7,110,36,42.5
Community_544,7.4,110,33,44.4
Community_545,10.2,110,38,31.2
Community_546,1.5,110,34,20.3
Community_547,10.2,110,37,42.5
Community_548,5.3,110,38,41.3
Community_549,5.6,110,34,44.0
Community_550,10.8,110,33,45.6
Community_551,5.6,110,33,44.4
Community_552,12.4,110,33,40.5
Community_553,1.5,110,62,7.0
Community_554,2.5,110,53,32.0
Community_555,10.2,110,40,38.2
Community_556,11.1,110,91,11.3
Community_557,6.8,110,32,44.8
Community_558,5.9,110,45,35.5
Community_559,1.5,110,36,38.2
Community_560,1.5,110,34,38.2
Community_561,10.2,110,91,7.4
Community_562,5.3,110,33,45.6
Community_563,10.2,110,38,39.0
Community_564,0.0,110,51,35.5
Community_565,1.5,110,48,17.9
Community_566,11.4,110,33,43.7
Community_567,14.2,110,40,41.3
Community_568,1.5,110,36,35.1
Community_569,14.5,110,37,32.0
Community_570,14.5,110,43,38.6
Community_571,1.5,110,38,24.6
Community_572,3.4,110,33,44.4
Community_573,13.3,110,35,43.3
Community_574,10.8,110,40,35.5
Community_575,12.7,110,34,44.0
Community_576,11.7,110,51,35.1
Community_577,12.7,110,38,41.7
Community_578,7.4,110,32,45.2
Community_579,5.3,110,34,43.7
Community_580,2.5,110,41,40.2
Community_581,10.2,110,34,44.4
Community_582,10.2,110,34,41.3
Community_583,8.7,110,39,41.7
Community_584,10.8,110,34,44.4
Community_585,10.2,110,36,40.2
Community_586,2.5,110,33,45.2
Community_587,3.7,110,91,12.8
Community_588,14.5,110,32,34.3
Community_589,12.7,110,36,41.7
Community_590,17.0,110,33,42.1
Community_591,12.1,110,60,24.2
Community_592,12.7,110,90,11.7
Community_593,14.2,110,34,43.3
Community_594,10.2,110,34,43.3
Community_595,2.5,110,34,43.7
Community_596,11.7,110,43,39.8
Community_597,10.8,110,54,30.4
Community_598,7.4,110,34,43.3
Community_599,5.3,110,48,36.6
Community_600,0.0,110,71,25.3
Community_601,10.8,142,65,17.5
Community_602,1.5,142,44,28.1
Community_603,10.8,142,34,44.0
Community_604,1.5,142,36,37.0
Community_605,3.4,142,65,27.7
Community_606,6.2,142,33,45.2
Community_607,16.4,142,58,32.4
Community_608,5.3,142,33,44.4
Community_609,10.8,142,42,39.4
Community_610,12.7,142,34,43.3
Community_611,1.5,142,38,33.5
Community_612,12.7,142,40,41.7
Community_613,8.7,142,34,44.0
Community_614,7.4,142,35,42.1
Community_615,1.5,142,33,40.9
Community_616,10.8,142,33,45.2
Community_617,11.7,142,34,44.8
Community_618,13.9,142,33,39.0
Community_619,13.6,142,77,22.2
Community_620,1.5,142,34,32.0
Community_621,3.7,142,66,27.7
Community_622,16.7,142,33,43.3
Community_623,9.9,142,33,45.2
Community_624,7.4,142,33,44.8
Community_625,1.5,142,40,23.4
Community_626,17.0,142,36,40.2
Community_627,10.2,142,32,45.6
Community_628,6.8,142,34,44.0
Community_629,14.5,142,37,37.4
Community_630,16.7,142,38,41.3
Community_631,5.3,142,91,7.0
Community_632,10.2,142,89,11.3
Community_633,15.5,142,43,40.2
Community_634,8.3,142,91,7.0
Community_635,6.2,142,42,40.5
Community_636,12.4,142,33,42.9
Community_637,14.5,142,32,33.9
Community_638,7.4,142,47,34.3
Community_639,3.4,142,36,42.9
Community_640,13.9,142,33,44.4
Community_641,1.5,142,32,19.9
Community_642,2.5,142,77,10.1
Community_643,0.0,142,40,41.7
Community_644,14.8,142,32,45.2
Community_645,7.4,142,36,42.9
Community_646,3.4,142,34,42.9
Community_647,14.5,142,32,34.7
Community_648,10.2,142,33,40.5
Community_649,1.5,142,34,30.0
Community_650,0.0,142,39,42.1
Community_651,15.5,142,39,41.3
Community_652,1.5,142,33,38.2
Community_653,2.5,142,34,42.9
Community_654,12.7,142,33,45.2
Community_655,15.1,142,33,45.6
Community_656,7.4,142,34,44.0
Community_657,14.2,142,43,40.2
Community_658,1.5,142,33,36.2
Community_659,1.5,142,33,29.2
Community_660,5.3,142,32,45.2
Community_661,14.5,142,32,31.6
Community_662,8.7,142,34,44.0
Community_663,11.1,142,64,27.7
Community_664,14.5,142,57,24.6
Community_665,12.4,142,32,44.0
Community_666,1.5,142,34,38.6
Community_667,0.0,142,47,38.2
Community_668,3.7,142,91,7.0
Community_669,1.5,142,33,11.3
Community_670,7.4,142,62,23.8
Community_671,1.5,142,35,32.0
Community_672,10.2,142,34,44.8
Community_673,14.8,142,33,42.5
Community_674,13.3,142,37,32.7
Community_675,15.5,142,60,30.8
Community_676,11.7,142,76,21.8
Community_677,14.2,142,71,25.3
Community_678,8.0,142,34,43.3
Community_679,3.4,142,68,26.5
Community_680,16.7,142,32,45.2
Community_681,11.7,142,91,7.0
Community_682,1.5,142,36,38.6
Community_683,12.7,142,78,18.3
Community_684,3.4,142,48,36.6
Community_685,16.1,142,40,36.6
Community_686,10.2,142,37,40.5
Community_687,0.9,142,33,43.3
Community_688,1.5,142,33,7.0
Community_689,16.1,142,35,35.9
Community_690,1.5,142,33,30.8
Community_691,11.7,142,33,45.2
Community_692,15.5,142,86,16.8
Community_693,1.5,142,41,10.9
Community_694,3.7,142,91,12.1
Community_695,14.2,142,54,34.3
Community_696,14.5,142,66,19.5
Community_697,10.2,142,34,41.7
Community_698,11.7,142,37,42.9
Community_699,14.5,142,33,36.6
Community_700,1.5,142,33,9.0
Community_701,1.5,142,42,21.0
Community_702,12.4,142,33,44.0
Community_703,12.4,142,33,38.6
Community_704,6.8,142,33,45.6
Community_705,1.5,142,33,43.7
Community_706,15.5,142,46,37.0
Community_707,11.7,142,46,38.2
Community_708,12.1,142,41,35.1
Community_709,3.4,142,47,37.4
Community_710,12.7,142,38,42.1
Community_711,6.2,142,33,45.6
Community_712,11.7,142,52,35.1
Community_713,8.0,142,33,44.0
Community_714,14.5,142,38,38.2
Community_715,6.2,142,37,42.9
Community_716,2.5,142,80,19.5
Community_717,1.5,142,37,34.3
Community_718,8.7,142,35,43.7
Community_719,14.5,142,37,39.4
Community_720,10.2,142,38,40.5
Community_721,9.9,142,37,41.7
Community_722,12.4,142,33,44.0
Community_723,1.5,142,34,41.3
Community_724,1.5,142,41,22.6
Community_725,12.7,142,38,41.7
Community_726,12.7,142,36,42.1
Community_727,1.5,142,91,7.0
Community_728,3.7,142,91,14.4
Community_729,11.7,142,35,44.0
Community_730,1.5,142,36,29.6
Community_731,14.5,142,36,42.9
Community_732,3.4,142,56,32.0
Community_733,6.5,142,71,23.8
Community_734,11.7,142,33,44.8
Community_735,3.4,142,40,40.2
Community_736,11.1,142,67,20.3
Community_737,12.7,142,43,39.8
Community_738,9.9,142,33,44.4
Community_739,6.8,142,33,44.0
Community_740,14.5,142,37,39.4
Community_741,15.5,142,57,27.7
Community_742,7.4,142,33,45.2
Community_743,11.1,142,81,20.3
Community_744,8.3,142,60,31.2
Community_745,1.5,142,33,41.3
Community_746,7.1,142,54,28.4
Community_747,11.4,142,32,45.2
Community_748,13.3,142,33,44.8
Community_749,11.7,142,33,45.2
Community_750,15.1,142,33,44.4
Community_751,14.5,142,34,25.3
Community_752,1.5,142,45,32.7
Community_753,6.2,142,40,42.1
Community_754,16.7,142,33,43.7
Community_755,7.4,142,33,44.0
Community_756,16.1,142,33,40.2
Community_757,11.7,142,35,44.0
Community_758,11.1,142,51,33.1
Community_759,1.5,142,42,23.0
Community_760,5.6,142,34,44.4
Community_761,14.5,142,38,33.1
Community_762,12.4,142,32,44.8
Community_763,10.2,142,40,40.2
Community_764,1.5,142,34,37.8
Community_765,2.5,142,35,43.7
Community_766,10.2,142,37,42.5
Community_767,14.5,142,51,28.1
Community_768,3.4,142,41,40.9
Community_769,14.2,142,36,43.3
Community_770,1.5,142,33,25.3
Community_771,0.0,142,63,29.2
Community_772,10.2,142,34,42.9
Community_773,6.2,142,66,28.1
Community_774,10.8,142,33,44.8
Community_775,8.7,142,38,42.5
Community_776,14.2,142,38,42.1
Community_777,10.2,142,91,7.0
Community_778,10.8,142,42,39.4
Community_779,14.8,142,33,43.7
Community_780,14.2,142,38,42.5
Community_781,1.5,142,34,10.5
Community_782,14.2,142,78,21.8
Community_783,10.2,142,34,44.0
Community_784,1.2,142,91,13.6
Community_785,10.2,142,36,37.4
Community_786,11.1,142,52,35.1
Community_787,7.4,142,47,31.2
Community_788,13.3,142,33,45.6
Community_789,0.0,142,33,44.4
Community_790,10.2,142,32,44.8
Community_791,10.2,142,60,26.1
Community_792,3.7,142,81,20.3
Community_793,16.7,142,32,44.8
Community_794,3.4,142,39,40.5
Community_795,12.4,142,32,44.4
Community_796,3.4,142,41,39.8
Community_797,16.7,142,32,45.6
Community_798,12.4,142,33,42.9
Community_799,12.7,142,32,45.2
Community_800,0.3,142,33,34.7
Community_801,12.7,175,34,43.7
Community_802,10.2,175,71,23.8
Community_803,10.2,175,37,43.3
Community_804,6.5,175,62,30.0
Community_805,14.5,175,62,26.9
Community_806,16.1,175,36,39.4
Community_807,12.4,175,33,43.7
Community_808,8.7,175,44,39.4
Community_809,2.2,175,40,37.4
Community_810,4.6,175,33,43.7
Community_811,3.4,175,86,17.9
Community_812,1.5,175,35,28.8
Community_813,16.1,175,33,41.3
Community_814,16.4,175,37,43.3
Community_815,12.1,175,35,27.3
Community_816,10.2,175,38,33.9
Community_817,10.2,175,38,40.9
Community_818,7.4,175,33,45.6
Community_819,13.3,175,32,45.6
Community_820,3.7,175,69,26.5
Community_821,12.7,175,36,43.7
Community_822,8.3,175,79,21.0
Community_823,8.7,175,41,40.9
Community_824,14.5,175,38,39.0
Community_825,7.4,175,33,44.8
Community_826,7.4,175,35,42.5
Community_827,1.5,175,33,42.5
Community_828,3.4,175,33,45.2
Community_829,12.7,175,91,14.0
Community_830,1.5,175,33,35.9
Community_831,3.4,175,33,44.8
Community_832,2.5,175,34,44.0
Community_833,13.3,175,32,45.6
Community_834,12.7,175,32,45.6
Community_835,3.4,175,33,45.6
Community_836,1.5,175,43,30.0
Community_837,11.7,175,50,36.2
Community_838,1.5,175,33,41.3
Community_839,2.5,175,34,42.1
Community_840,12.7,175,32,45.6
Community_841,14.5,175,38,38.6
Community_842,1.5,175,57,16.0
Community_843,1.5,175,37,27.3
Community_844,5.3,175,43,37.0
Community_845,3.4,175,33,44.0
Community_846,1.5,175,36,19.1
Community_847,11.1,175,50,36.2
Community_848,10.5,175,33,32.4
Community_849,11.7,175,33,45.6
Community_850,1.5,175,33,39.8
Community_851,1.5,175,36,33.9
Community_852,2.5,175,33,45.2
Community_853,12.7,175,33,45.6
Community_854,11.7,175,33,44.8
Community_855,14.5,175,33,34.3
Community_856,7.1,175,83,19.1
Community_857,0.9,175,35,33.9
Community_858,11.1,175,86,17.5
Community_859,11.7,175,60,30.8
Community_860,14.5,175,33,33.5
Community_861,12.7,175,34,43.7
Community_862,0.9,175,33,29.2
Community_863,11.1,175,47,37.4
Community_864,5.3,175,32,45.2
Community_865,14.5,175,32,20.3
Community_866,1.2,175,34,42.9
Community_867,13.6,175,76,22.6
Community_868,3.4,175,51,35.5
Community_869,14.5,175,41,33.5
Community_870,3.4,175,57,30.4
Community_871,3.4,175,85,17.1
Community_872,1.5,175,39,25.7
Community_873,14.5,175,33,44.8
Community_874,14.5,175,34,43.3
Community_875,3.7,175,56,32.0
Community_876,14.5,175,37,40.9
Community_877,0.0,175,72,25.3
Community_878,11.1,175,46,35.5
Community_879,11.7,175,33,45.2
Community_880,6.2,175,38,42.1
Community_881,1.5,175,32,44.4
Community_882,13.6,175,44,39.4
Community_883,1.5,175,34,40.5
Community_884,12.1,175,54,27.7
Community_885,5.3,175,36,43.3
Community_886,1.5,175,33,30.4
Community_887,1.5,175,42,22.2
Community_888,12.7,175,33,45.6
Community_889,5.3,175,33,43.3
Community_890,1.5,175,33,41.3
Community_891,7.4,175,36,38.6
Community_892,12.7,175,35,42.1
Community_893,3.7,175,33,45.2
Community_894,13.9,175,33,44.4
Community_895,1.2,175,44,39.4
Community_896,0.0,175,41,39.4
Community_897,14.2,175,50,33.5
Community_898,2.5,175,38,40.9
Community_899,14.5,175,49,36.6
Community_900,7.1,175,39,41.7
Community_901,16.7,175,37,41.7
Community_902,5.3,175,34,44.4
Community_903,10.8,175,36,43.7
Community_904,13.3,175,33,44.4
Community_905,1.5,175,33,40.5
Community_906,9.9,175,33,44.8
Community_907,1.5,175,43,23.4
Community_908,10.2,175,42,37.0
Community_909,16.7,175,32,45.2
Community_910,8.7,175,66,26.1
Community_911,10.2,175,33,39.0
Community_912,6.2,175,33,45.6
Community_913,12.7,175,33,44.4
Community_914,10.8,175,41,38.6
Community_915,14.8,175,33,40.9
Community_916,2.2,175,33,42.9
Community_917,2.5,175,34,42.5
Community_918,0.0,175,91,7.0
Community_919,4.6,175,33,42.5
Community_920,0.9,175,33,43.7
Community_921,3.4,175,50,36.2
Community_922,10.2,175,34,43.3
Community_923,7.4,175,33,45.6
Community_924,10.2,175,37,39.8
Community_925,14.5,175,38,30.4
Community_926,5.3,175,33,44.8
Community_927,1.5,175,36,36.2
Community_928,12.1,175,36,40.9
Community_929,16.4,175,40,41.7
Community_930,1.5,175,38,32.0
Community_931,13.3,175,33,45.2
Community_932,1.5,175,44,26.5
Community_933,1.5,175,33,41.7
Community_934,10.2,175,39,39.0
Community_935,16.7,175,33,44.4
Community_936,7.4,175,33,44.4
Community_937,14.5,175,35,37.0
Community_938,7.4,175,35,42.5
Community_939,4.6,175,32,42.9
Community_940,11.7,175,33,45.2
Community_941,10.8,175,35,43.7
Community_942,14.5,175,34,37.0
Community_943,0.0,175,41,40.2
Community_944,10.2,175,38,40.5
Community_945,10.2,175,58,27.3
Community_946,11.7,175,76,22.6
Community_947,1.5,175,40,15.2
Community_948,11.1,175,71,24.6
Community_949,14.5,175,51,31.2
Community_950,1.5,175,40,37.8
Community_951,7.4,175,33,45.6
Community_952,5.3,175,35,44.4
Community_953,13.6,175,91,9.7
Community_954,3.4,175,66,26.1
Community_955,10.2,175,33,39.4
Community_956,0.0,175,91,7.0
Community_957,11.7,175,33,45.6
Community_958,1.5,175,36,40.2
Community_959,12.7,175,41,41.3
Community_960,3.7,175,76,21.4
Community_961,6.2,175,49,37.0
Community_962,0.0,175,73,23.8
Community_963,5.6,175,33,45.6
Community_964,2.5,175,33,45.2
Community_965,12.7,175,33,45.6
Community_966,14.5,175,40,37.4
Community_967,14.5,175,79,19.1
Community_968,0.9,175,34,40.5
Community_969,3.4,175,35,42.5
Community_970,3.7,175,52,35.1
Community_971,11.7,175,86,16.0
Community_972,7.4,175,33,43.3
Community_973,5.3,175,33,45.6
Community_974,10.2,175,91,7.0
Community_975,10.2,175,43,38.2
Community_976,7.4,175,36,43.7
Community_977,3.7,175,91,7.0
Community_978,6.5,175,50,35.1
Community_979,13.3,175,49,28.1
Community_980,6.8,175,33,45.2
Community_981,12.4,175,33,44.4
Community_982,6.8,175,33,45.2
Community_983,6.2,175,43,40.2
Community_984,11.7,175,36,44.0
Community_985,13.3,175,33,44.4
Community_986,12.7,175,33,44.4
Community_987,1.5,175,42,12.5
Community_988,10.2,175,34,43.3
Community_989,7.4,175,33,45.2
Community_990,13.9,175,32,44.8
Community_991,11.7,175,40,41.3
Community_992,3.7,175,82,19.5
Community_993,11.1,175,50,35.9
Community_994,16.7,175,32,45.6
Community_995,10.2,175,42,35.9
Community_996,11.1,175,64,28.8
Community_997,1.2,175,32,44.8
Community_998,2.2,175,32,42.5
Community_999,1.5,175,59,7.0
Community_1000,10.2,207,33,44.4
Community_1001,16.7,207,33,43.3
Community_1002,0.0,207,77,21.8
Community_1003,1.5,207,36,40.5
Community_1004,16.1,207,33,42.5
Community_1005,11.1,207,85,17.1
Community_1006,1.5,207,47,10.1
Community_1007,11.7,207,79,21.0
Community_1008,11.7,207,33,44.4
Community_1009,13.3,207,41,39.4
Community_1010,15.5,207,43,32.7
Community_1011,14.5,207,34,39.8
Community_1012,1.5,207,37,18.7
Community_1013,2.5,207,51,30.0
Community_1014,7.4,207,33,44.0
Community_1015,1.5,207,39,28.4
Community_1016,11.1,207,58,32.0
Community_1017,11.7,207,34,44.4
Community_1018,1.5,207,33,39.4
Community_1019,1.5,207,36,29.2
Community_1020,12.7,207,37,42.5
Community_1021,6.5,207,70,24.6
Community_1022,14.8,207,33,38.6
Community_1023,1.5,207,34,39.8
Community_1024,16.7,207,32,44.4
Community_1025,17.0,207,32,44.4
Community_1026,13.6,207,82,19.9
Community_1027,5.3,207,33,45.2
Community_1028,7.4,207,33,45.2
Community_1029,8.7,207,43,37.4
Community_1030,14.5,207,36,32.4
Community_1031,14.5,207,66,25.3
Community_1032,7.4,207,33,44.8
Community_1033,10.2,207,36,43.7
Community_1034,2.2,207,33,41.7
Community_1035,14.5,207,60,26.1
Community_1036,10.2,207,36,42.1
Community_1037,10.2,207,33,42.9
Community_1038,7.4,207,36,40.2
Community_1039,1.5,207,33,41.3
Community_1040,14.2,207,67,28.1
Community_1041,11.1,207,53,34.7
Community_1042,3.4,207,65,28.1
Community_1043,16.7,207,32,44.8
Community_1044,10.2,207,38,40.9
Community_1045,3.1,207,91,7.0
Community_1046,12.7,207,33,45.6
Community_1047,16.7,207,32,46.0
Community_1048,1.5,207,33,40.9
Community_1049,12.7,207,33,44.0
Community_1050,16.4,207,33,45.2
Community_1051,16.7,207,37,40.5
Community_1052,8.3,207,57,32.4
Community_1053,12.7,207,78,20.6
Community_1054,6.2,207,36,43.7
Community_1055,3.4,207,34,41.7
Community_1056,1.5,207,34,37.4
Community_1057,1.5,207,64,11.7
Community_1058,8.7,207,36,42.9
Community_1059,1.5,207,37,26.9
Community_1060,1.5,207,33,40.9
Community_1061,1.5,207,37,23.8
Community_1062,7.4,207,34,41.7
Community_1063,16.7,207,34,44.0
Community_1064,12.1,207,35,34.3
Community_1065,1.5,207,33,31.2
Community_1066,14.5,207,34,23.4
Community_1067,11.1,207,38,40.2
Community_1068,1.5,207,34,33.9
Community_1069,11.7,207,34,44.0
Community_1070,14.8,207,34,38.6
Community_1071,3.4,207,33,45.2
Community_1072,12.4,207,33,43.3
Community_1073,1.5,207,34,39.0
Community_1074,1.5,207,37,20.6
Community_1075,3.4,207,38,42.1
Community_1076,5.3,207,32,46.0
Community_1077,2.5,207,34,44.0
Community_1078,0.0,207,38,42.1
Community_1079,11.7,207,67,26.5
Community_1080,7.4,207,33,44.4
Community_1081,11.7,207,34,44.4
Community_1082,5.3,207,37,40.9
Community_1083,14.8,207,32,45.2
Community_1084,7.4,207,34,44.8
Community_1085,13.6,207,44,38.6
Community_1086,6.2,207,46,38.2
Community_1087,2.2,207,33,41.7
Community_1088,10.2,207,41,38.2
Community_1089,16.7,207,33,45.2
Community_1090,11.7,207,36,42.5
Community_1091,16.1,207,40,36.2
Community_1092,10.2,207,45,30.0
Community_1093,14.5,207,32,44.8
Community_1094,10.2,207,91,7.8
Community_1095,11.7,207,34,44.8
Community_1096,15.5,207,74,23.8
Community_1097,7.4,207,33,44.8
Community_1098,16.1,207,33,42.9
Community_1099,11.1,207,38,42.1
Community_1100,14.5,207,40,29.6
Community_1101,7.4,207,33,45.2
Community_1102,10.2,207,33,39.8
Community_1103,13.3,207,37,41.3
Community_1104,12.7,207,51,35.5
Community_1105,1.5,207,35,37.4
Community_1106,12.7,207,34,44.8
Community_1107,0.9,207,46,32.7
Community_1108,14.5,207,36,39.4
Community_1109,6.5,207,63,28.8
Community_1110,12.7,207,34,44.0
Community_1111,1.2,207,37,42.5
Community_1112,11.7,207,34,44.0
Community_1113,11.7,207,34,42.9
Community_1114,5.3,207,32,44.8
Community_1115,2.5,207,33,44.4
Community_1116,14.5,207,37,39.4
Community_1117,12.1,207,43,36.6
Community_1118,10.2,207,43,38.2
Community_1119,5.3,207,35,42.9
Community_1120,0.0,207,91,10.9
Community_1121,1.5,207,36,28.4
Community_1122,7.4,207,34,43.3
Community_1123,12.1,207,36,38.6
Community_1124,8.3,207,46,38.6
Community_1125,10.2,207,40,36.6
Community_1126,3.7,207,83,19.1
Community_1127,1.5,207,38,30.0
Community_1128,10.2,207,33,37.0
Community_1129,1.5,207,34,35.9
Community_1130,10.8,207,38,42.1
Community_1131,10.2,207,46,33.5
Community_1132,1.5,207,33,41.3
Community_1133,13.3,207,33,45.6
Community_1134,16.7,207,33,44.4
Community_1135,3.4,207,63,25.7
Community_1136,6.2,207,35,44.4
Community_1137,14.5,207,43,35.5
Community_1138,10.2,207,33,42.9
Community_1139,1.5,207,37,29.2
Community_1140,9.9,207,33,45.2
Community_1141,12.7,207,37,42.9
Community_1142,2.5,207,34,44.4
Community_1143,1.5,207,34,30.8
Community_1144,7.4,207,37,42.1
Community_1145,14.2,207,53,34.7
Community_1146,6.5,207,44,39.0
Community_1147,1.5,207,33,7.0
Community_1148,6.8,207,33,45.6
Community_1149,2.5,207,33,44.0
Community_1150,3.7,207,84,18.7
Community_1151,3.7,207,37,41.3
Community_1152,7.4,207,37,38.6
Community_1153,14.2,207,33,45.2
Community_1154,12.7,207,42,40.5
Community_1155,12.7,207,91,7.0
Community_1156,14.5,207,36,39.8
Community_1157,1.2,207,41,37.8
Community_1158,1.5,207,33,40.9
Community_1159,0.9,207,33,44.8
Community_1160,1.5,207,83,7.0
Community_1161,1.5,207,33,21.8
Community_1162,1.5,207,33,44.0
Community_1163,1.5,207,33,41.7
Community_1164,12.7,207,33,44.8
Community_1165,15.5,207,77,21.0
Community_1166,1.5,207,35,28.8
Community_1167,0.0,207,60,31.2
Community_1168,3.4,207,32,45.6
Community_1169,10.8,207,36,38.6
Community_1170,1.5,207,56,16.4
Community_1171,8.7,207,44,39.4
Community_1172,1.5,207,34,11.3
Community_1173,1.5,207,33,41.7
Community_1174,12.7,207,36,40.9
Community_1175,2.5,207,33,44.4
Community_1176,12.4,207,33,43.3
Community_1177,5.6,207,33,45.2
Community_1178,16.7,207,34,43.3
Community_1179,2.2,207,33,42.9
Community_1180,11.7,207,33,44.0
Community_1181,3.4,207,49,34.7
Community_1182,14.5,207,46,35.9
Community_1183,13.6,207,86,17.5
Community_1184,1.5,207,35,29.6
Community_1185,10.2,207,33,42.5
Community_1186,3.4,207,50,33.9
Community_1187,7.4,207,37,42.5
Community_1188,1.5,207,35,26.9
Community_1189,7.4,207,33,45.2
Community_1190,12.1,207,32,43.3
Community_1191,9.9,207,33,44.8
Community_1192,2.2,207,33,39.8
Community_1193,14.5,207,54,30.0
Community_1194,12.7,207,33,44.8
Community_1195,10.2,207,47,37.0
Community_1196,7.4,207,34,44.0
Community_1197,3.7,207,91,7.0
Community_1198,10.2,207,36,39.8
Community_1199,12.7,240,33,44.8
Community_1200,5.3,240,35,44.0
Community_1201,3.4,240,66,27.3
Community_1202,10.2,240,37,41.3
Community_1203,16.1,240,33,42.9
Community_1204,13.3,240,33,45.2
Community_1205,3.4,240,36,42.1
Community_1206,10.2,240,34,43.7
Community_1207,16.1,240,33,42.9
Community_1208,6.5,240,63,29.6
Community_1209,10.2,240,91,7.0
Community_1210,1.5,240,33,40.2
Community_1211,7.4,240,41,37.4
Community_1212,12.4,240,41,37.0
Community_1213,12.7,240,33,45.6
Community_1214,7.4,240,33,44.4
Community_1215,10.2,240,34,44.8
Community_1216,14.5,240,37,39.4
Community_1217,1.5,240,38,30.4
Community_1218,6.5,240,52,35.5
Community_1219,16.7,240,33,44.4
Community_1220,11.7,240,33,44.8
Community_1221,1.5,240,41,28.4
Community_1222,11.7,240,32,44.4
Community_1223,8.7,240,45,39.0
Community_1224,14.5,240,43,33.9
Community_1225,12.4,240,33,42.5
Community_1226,10.2,240,33,40.5
Community_1227,10.2,240,35,41.3
Community_1228,12.7,240,43,39.4
Community_1229,10.2,240,34,43.3
Community_1230,0.9,240,33,43.3
Community_1231,10.8,240,41,39.0
Community_1232,10.8,240,40,40.5
Community_1233,7.4,240,33,45.2
Community_1234,13.3,240,35,42.1
Community_1235,2.5,240,33,45.6
Community_1236,12.7,240,41,39.4
Community_1237,1.5,240,34,33.5
Community_1238,3.7,240,60,30.0
Community_1239,11.7,240,33,45.2
Community_1240,12.1,240,36,35.9
Community_1241,1.5,240,43,29.6
Community_1242,16.7,240,33,44.0
Community_1243,10.2,240,34,43.3
Community_1244,10.2,240,33,45.6
Community_1245,12.7,240,62,29.6
Community_1246,5.6,240,33,45.6
Community_1247,5.6,240,46,38.2
Community_1248,2.5,240,40,38.2
Community_1249,2.5,240,33,44.4
Community_1250,7.4,240,33,43.3
Community_1251,14.5,240,64,25.7
Community_1252,1.5,240,34,39.8
Community_1253,0.0,240,44,39.4
Community_1254,14.5,240,80,19.5
Community_1255,1.5,240,33,40.5
Community_1256,7.4,240,33,44.0
Community_1257,14.2,240,36,43.3
Community_1258,1.5,240,42,26.9
Community_1259,1.5,240,35,31.6
Community_1260,12.4,240,33,43.7
Community_1261,10.2,240,52,32.0
Community_1262,3.7,240,86,17.5
Community_1263,6.5,240,91,7.0
Community_1264,1.5,240,36,33.5
Community_1265,10.2,240,38,40.2
Community_1266,14.5,240,55,32.4
Community_1267,10.2,240,34,42.5
Community_1268,11.7,240,33,44.8
Community_1269,12.7,240,33,45.2
Community_1270,14.5,240,63,24.9
Community_1271,1.5,240,82,7.0
Community_1272,14.5,240,39,31.6
Community_1273,10.2,240,45,34.3
Community_1274,0.0,240,91,10.9
Community_1275,8.3,240,89,16.4
Community_1276,1.5,240,41,35.5
Community_1277,16.7,240,32,45.2
Community_1278,7.4,240,33,44.4
Community_1279,1.5,240,36,39.0
Community_1280,1.5,240,37,36.2
Community_1281,0.0,240,50,36.2
Community_1282,14.5,240,38,33.5
Community_1283,11.7,240,41,38.2
Community_1284,1.2,240,50,36.2
Community_1285,15.5,240,37,37.0
Community_1286,1.5,240,41,21.8
Community_1287,7.4,240,32,45.6
Community_1288,1.5,240,36,33.9
Community_1289,8.7,240,43,40.2
Community_1290,0.0,240,52,34.7
Community_1291,1.5,240,38,30.8
Community_1292,1.5,240,32,39.4
Community_1293,1.2,240,76,22.2
Community_1294,5.3,240,34,44.4
Community_1295,3.4,240,36,42.1
Community_1296,6.5,240,89,16.0
Community_1297,10.2,240,55,33.1
Community_1298,2.5,240,33,44.4
Community_1299,4.6,240,33,42.9
Community_1300,1.2,240,75,23.4
Community_1301,12.1,240,43,34.7
Community_1302,14.2,240,54,34.3
Community_1303,10.2,240,33,43.7
Community_1304,14.5,240,33,28.8
Community_1305,11.7,240,36,43.3
Community_1306,11.7,240,34,44.8
Community_1307,12.1,240,47,33.9
Community_1308,1.5,240,43,23.0
Community_1309,12.4,240,32,42.9
Community_1310,3.4,240,33,44.8
Community_1311,6.5,240,67,27.7
Community_1312,15.5,240,40,40.9
Community_1313,1.5,240,37,40.9
Community_1314,0.9,240,38,35.1
Community_1315,15.5,240,33,44.8
Community_1316,7.4,240,33,42.9
Community_1317,11.7,240,48,36.6
Community_1318,1.2,240,38,42.5
Community_1319,11.7,240,33,42.9
Community_1320,10.2,240,37,42.1
Community_1321,12.1,240,46,32.7
Community_1322,14.5,240,41,32.4
Community_1323,6.8,240,32,45.6
Community_1324,14.5,240,35,40.5
Community_1325,16.4,240,37,42.9
Community_1326,1.5,240,33,43.7
Community_1327,14.5,240,43,35.5
Community_1328,9.6,240,35,40.9
Community_1329,12.7,240,32,46.0
Community_1330,14.5,240,58,30.4
Community_1331,2.5,240,33,44.4
Community_1332,3.4,240,41,40.5
Community_1333,10.2,240,38,42.5
Community_1334,0.9,240,36,37.0
Community_1335,16.7,240,32,45.2
Community_1336,5.6,240,32,45.6
Community_1337,12.7,240,41,40.9
Community_1338,7.4,240,33,45.2
Community_1339,14.5,240,47,36.2
Community_1340,13.6,240,43,40.2
Community_1341,16.4,240,37,43.3
Community_1342,9.6,240,45,33.1
Community_1343,16.7,240,32,42.1
Community_1344,7.4,240,38,39.4
Community_1345,11.7,240,34,44.8
Community_1346,14.5,240,37,38.2
Community_1347,16.1,240,33,43.7
Community_1348,12.7,240,33,45.2
Community_1349,6.8,240,33,45.2
Community_1350,7.4,240,33,45.2
Community_1351,1.5,240,33,7.4
Community_1352,14.5,240,60,26.1
Community_1353,14.5,240,34,42.5
Community_1354,3.4,240,38,39.4
Community_1355,11.7,240,91,13.2
Community_1356,10.2,240,39,39.4
Community_1357,2.5,240,34,44.0
Community_1358,17.0,240,33,42.9
Community_1359,12.7,240,91,7.0
Community_1360,16.4,240,42,40.2
Community_1361,14.2,240,56,31.2
Community_1362,14.5,240,42,32.0
Community_1363,7.4,240,33,44.4
Community_1364,12.7,240,34,42.1
Community_1365,10.2,240,91,7.0
Community_1366,14.5,240,33,44.4
Community_1367,8.7,240,50,35.9
Community_1368,14.5,240,34,28.1
Community_1369,2.5,240,34,44.0
Community_1370,1.5,240,38,17.5
Community_1371,14.5,240,74,21.4
Community_1372,16.7,240,33,42.9
Community_1373,1.5,240,33,21.8
Community_1374,1.5,240,48,27.3
Community_1375,13.9,240,32,41.7
Community_1376,12.7,240,34,44.8
Community_1377,1.5,240,56,21.0
Community_1378,1.2,240,32,44.4
Community_1379,8.3,240,91,12.5
Community_1380,8.3,240,85,18.3
Community_1381,11.1,240,91,14.4
Community_1382,2.5,240,34,44.4
Community_1383,16.1,240,34,35.9
Community_1384,11.7,240,40,40.2
Community_1385,1.5,240,37,22.2
Community_1386,11.4,240,33,45.2
Community_1387,1.5,240,36,37.0
Community_1388,10.2,240,34,42.9
Community_1389,10.8,240,38,41.3
Community_1390,3.4,240,57,31.6
Community_1391,7.4,240,33,44.8
Community_1392,5.3,240,32,46.0
Community_1393,3.4,240,67,26.5
Community_1394,15.5,240,62,29.6
Community_1395,11.7,240,33,45.2
Community_1396,14.5,240,33,43.7
Community_1397,10.2,240,76,19.9
Community_1398,13.6,272,76,22.2
Community_1399,14.5,272,38,39.4
Community_1400,10.2,272,40,41.3
Community_1401,2.5,272,34,44.0
Community_1402,10.2,272,45,36.2
Community_1403,1.5,272,33,7.0
Community_1404,12.1,272,36,40.2
Community_1405,14.5,272,51,30.0
Community_1406,7.4,272,33,44.8
Community_1407,7.4,272,34,44.0
Community_1408,14.8,272,33,43.3
Community_1409,10.2,272,33,43.7
Community_1410,10.2,272,62,26.1
Community_1411,3.4,272,33,44.8
Community_1412,8.0,272,34,44.0
Community_1413,2.5,272,35,43.3
Community_1414,1.5,272,33,9.7
Community_1415,8.7,272,39,42.1
Community_1416,5.3,272,32,45.6
Community_1417,1.5,272,38,35.5
Community_1418,8.7,272,33,45.2
Community_1419,10.2,272,52,25.7
Community_1420,12.4,272,33,44.0
Community_1421,11.7,272,40,41.3
Community_1422,7.4,272,36,39.8
Community_1423,11.7,272,32,45.6
Community_1424,12.7,272,32,45.6
Community_1425,2.5,272,34,44.4
Community_1426,16.7,272,33,45.2
Community_1427,10.2,272,40,37.4
Community_1428,14.5,272,56,24.9
Community_1429,11.1,272,72,24.2
Community_1430,0.0,272,32,45.6
Community_1431,13.3,272,33,44.8
Community_1432,14.5,272,37,28.8
Community_1433,3.4,272,62,29.2
Community_1434,7.4,272,33,42.9
Community_1435,10.2,272,33,42.5
Community_1436,3.4,272,33,45.2
Community_1437,1.5,272,43,20.6
Community_1438,10.8,272,47,32.7
Community_1439,14.5,272,40,24.6
Community_1440,10.2,272,33,42.5
Community_1441,10.2,272,34,43.3
Community_1442,10.8,272,68,23.0
Community_1443,16.1,272,34,40.9
Community_1444,1.5,272,34,32.0
Community_1445,10.5,272,41,33.5
Community_1446,10.2,272,67,25.3
Community_1447,1.5,272,34,33.1
Community_1448,12.4,272,33,39.8
Community_1449,16.7,272,33,45.6
Community_1450,10.2,272,34,36.6
Community_1451,0.0,272,77,21.8
Community_1452,6.5,272,61,28.8
Community_1453,3.4,272,46,36.6
Community_1454,5.3,272,43,39.4
Community_1455,7.4,272,34,43.3
Community_1456,2.2,272,33,42.9
Community_1457,1.5,272,51,7.8
Community_1458,10.2,272,79,17.9
Community_1459,7.4,272,34,44.4
Community_1460,1.5,272,38,30.8
Community_1461,2.5,272,33,45.2
Community_1462,14.8,272,32,45.2
Community_1463,3.7,272,37,41.7
Community_1464,2.5,272,33,44.4
Community_1465,10.2,272,33,45.2
Community_1466,0.3,272,40,34.7
Community_1467,7.4,272,34,43.7
Community_1468,10.2,272,59,28.4
Community_1469,8.0,272,33,44.0
Community_1470,14.5,272,51,30.0
Community_1471,14.5,272,32,33.1
Community_1472,5.3,272,32,45.2
Community_1473,14.5,272,38,26.5
Community_1474,11.7,272,33,45.6
Community_1475,7.4,272,33,45.2
Community_1476,3.4,272,55,33.5
Community_1477,12.7,272,34,44.4
Community_1478,1.5,272,38,21.4
Community_1479,10.2,272,37,36.6
Community_1480,1.5,272,47,28.4
Community_1481,11.1,272,52,34.7
Community_1482,14.2,272,91,12.5
Community_1483,5.3,272,44,38.2
Community_1484,10.2,272,34,40.9
Community_1485,10.2,272,33,43.3
Community_1486,16.7,272,33,45.6
Community_1487,6.5,272,91,12.1
Community_1488,7.1,272,47,36.6
Community_1489,16.1,272,33,40.2
Community_1490,10.2,272,36,40.9
Community_1491,1.5,272,33,33.9
Community_1492,1.5,272,34,35.9
Community_1493,3.7,272,88,16.4
Community_1494,11.7,272,33,45.2
Community_1495,10.2,272,37,32.4
Community_1496,1.5,272,34,42.5
Community_1497,14.5,272,40,37.4
Community_1498,10.5,272,34,30.0
Community_1499,12.7,272,36,42.9
Community_1500,15.5,272,44,36.2
Community_1501,1.5,272,33,37.0
Community_1502,1.5,272,34,39.8
Community_1503,16.1,272,45,33.1
Community_1504,7.4,272,33,44.0
Community_1505,10.8,272,44,38.6
Community_1506,0.0,272,53,34.7
Community_1507,13.6,272,63,30.0
Community_1508,16.1,272,34,39.0
Community_1509,11.1,272,86,16.4
Community_1510,6.5,272,80,20.6
Community_1511,12.4,272,34,40.9
Community_1512,10.2,272,38,33.5
Community_1513,10.8,272,56,31.2
Community_1514,3.4,272,40,39.8
Community_1515,2.8,272,67,25.3
Community_1516,8.7,272,33,45.2
Community_1517,2.5,272,33,44.4
Community_1518,10.2,272,36,42.1
Community_1519,7.4,272,34,43.3
Community_1520,10.2,272,34,41.3
Community_1521,7.4,272,33,45.2
Community_1522,10.2,272,36,42.9
Community_1523,12.7,272,34,44.0
Community_1524,8.3,272,63,27.7
Community_1525,10.2,272,74,19.1
Community_1526,11.7,272,37,42.9
Community_1527,9.9,272,32,45.6
Community_1528,1.5,272,37,38.2
Community_1529,7.4,272,36,43.7
Community_1530,14.5,272,34,42.9
Community_1531,10.2,272,33,44.8
Community_1532,9.9,272,33,44.8
Community_1533,1.5,272,39,31.6
Community_1534,1.5,272,33,40.5
Community_1535,1.5,272,34,26.5
Community_1536,10.2,272,34,39.0
Community_1537,6.5,272,83,18.7
Community_1538,6.2,272,50,36.6
Community_1539,1.5,272,44,30.0
Community_1540,3.4,272,51,35.1
Community_1541,10.8,272,44,38.2
Community_1542,13.6,272,67,26.9
Community_1543,1.5,272,34,31.2
Community_1544,8.7,272,91,7.0
Community_1545,8.0,272,47,33.1
Community_1546,6.2,272,33,44.8
Community_1547,10.8,272,34,43.7
Community_1548,1.5,272,33,35.1
Community_1549,7.4,272,33,45.6
Community_1550,3.7,272,35,43.3
Community_1551,2.5,272,52,33.5
Community_1552,6.2,272,37,42.9
Community_1553,6.8,272,33,45.2
Community_1554,16.7,272,33,44.0
Community_1555,13.6,272,53,34.7
Community_1556,7.4,272,37,42.1
Community_1557,12.1,272,37,40.9
Community_1558,1.5,272,40,28.8
Community_1559,1.2,272,37,43.3
Community_1560,12.1,272,36,38.6
Community_1561,1.5,272,35,37.8
Community_1562,10.2,272,33,44.4
Community_1563,16.7,272,37,42.1
Community_1564,3.4,272,69,24.6
Community_1565,10.2,272,37,36.2
Community_1566,14.5,272,49,34.3
Community_1567,14.5,272,42,32.7
Community_1568,6.5,272,53,32.7
Community_1569,17.0,272,32,44.8
Community_1570,1.5,272,33,14.4
Community_1571,0.0,272,49,37.0
Community_1572,12.1,272,36,41.3
Community_1573,16.7,272,32,45.2
Community_1574,16.1,272,33,42.9
Community_1575,10.5,272,35,35.1
Community_1576,15.5,272,63,28.4
Community_1577,1.5,272,38,33.5
Community_1578,4.6,272,33,43.3
Community_1579,16.7,272,32,46.0
Community_1580,2.5,272,34,43.7
Community_1581,3.4,272,77,21.0
Community_1582,11.7,272,36,43.7
Community_1583,10.5,272,33,16.0
Community_1584,12.1,272,36,41.3
Community_1585,7.1,272,48,33.9
Community_1586,14.5,272,32,31.6
Community_1587,16.7,272,32,42.9
Community_1588,14.2,272,38,42.1
Community_1589,11.7,272,33,45.2
Community_1590,14.5,272,56,32.0
Community_1591,11.1,272,55,33.5
Community_1592,11.7,272,82,18.7
Community_1593,16.7,272,32,44.4
Community_1594,11.7,272,32,44.8
Community_1595,10.2,272,48,33.9
Community_1596,13.6,272,82,18.3
Community_1597,14.5,305,38,40.5
Community_1598,7.1,305,37,43.3
Community_1599,1.5,305,40,28.1
Community_1600,7.4,305,34,44.4
Community_1601,14.8,305,32,42.9
Community_1602,1.2,305,91,11.7
Community_1603,0.9,305,35,37.4
Community_1604,9.6,305,35,39.4
Community_1605,10.8,305,34,42.1
Community_1606,10.8,305,33,45.2
Community_1607,12.7,305,32,46.0
Community_1608,1.5,305,36,24.6
Community_1609,3.7,305,73,20.6
Community_1610,16.7,305,33,45.2
Community_1611,7.1,305,63,28.4
Community_1612,7.4,305,32,45.6
Community_1613,1.5,305,44,15.2
Community_1614,14.8,305,33,42.9
Community_1615,10.2,305,36,40.2
Community_1616,1.5,305,34,37.4
Community_1617,10.2,305,33,40.9
Community_1618,0.3,305,47,29.6
Community_1619,14.2,305,34,44.4
Community_1620,1.5,305,36,25.7
Community_1621,14.5,305,40,38.6
Community_1622,14.5,305,33,41.7
Community_1623,16.7,305,33,44.8
Community_1624,3.4,305,43,36.2
Community_1625,14.5,305,41,35.5
Community_1626,2.2,305,47,29.6
Community_1627,2.5,305,41,35.1
Community_1628,10.2,305,36,40.9
Community_1629,1.5,305,33,24.2
Community_1630,6.8,305,33,44.0
Community_1631,16.7,305,32,45.6
Community_1632,16.1,305,34,40.2
Community_1633,0.9,305,34,40.2
Community_1634,10.8,305,67,24.9
Community_1635,10.2,305,33,45.2
Community_1636,7.4,305,33,45.6
Community_1637,0.0,305,64,28.8
Community_1638,2.5,305,45,37.4
Community_1639,3.4,305,38,42.1
Community_1640,14.8,305,33,43.3
Community_1641,2.5,305,63,21.4
Community_1642,14.5,305,61,26.5
Community_1643,10.2,305,33,44.0
Community_1644,9.9,305,34,43.3
Community_1645,6.2,305,54,30.4
Community_1646,15.1,305,33,44.4
Community_1647,7.4,305,33,43.7
Community_1648,14.5,305,63,25.3
Community_1649,12.7,305,32,45.2
Community_1650,10.2,305,50,34.3
Community_1651,10.2,305,53,33.5
Community_1652,14.5,305,44,32.7
Community_1653,9.9,305,33,45.6
Community_1654,10.2,305,32,45.6
Community_1655,5.3,305,38,42.1
Community_1656,1.5,305,39,38.6
Community_1657,16.7,305,35,44.0
Community_1658,12.1,305,33,42.5
Community_1659,16.7,305,33,45.2
Community_1660,1.5,305,34,38.6
Community_1661,10.2,305,39,36.6
Community_1662,7.1,305,70,25.3
Community_1663,6.5,305,89,15.2
Community_1664,7.4,305,35,42.9
Community_1665,6.2,305,47,38.2
Community_1666,1.2,305,62,30.0
Community_1667,8.3,305,46,38.6
Community_1668,12.7,305,33,44.0
Community_1669,16.7,305,33,44.4
Community_1670,1.5,305,35,19.5
Community_1671,3.4,305,76,21.4
Community_1672,12.1,305,37,35.1
Community_1673,12.7,305,32,46.0
Community_1674,5.6,305,33,44.4
Community_1675,11.1,305,53,31.6
Community_1676,7.4,305,33,45.2
Community_1677,10.2,305,53,30.4
Community_1678,1.2,305,69,26.5
Community_1679,11.1,305,84,16.4
Community_1680,10.8,305,34,40.5
Community_1681,2.2,305,34,40.5
Community_1682,9.6,305,33,44.4
Community_1683,11.1,305,37,42.9
Community_1684,1.5,305,41,11.7
Community_1685,5.3,305,70,9.0
Community_1686,12.4,305,33,39.4
Community_1687,5.6,305,41,39.8
Community_1688,10.2,305,33,45.2
Community_1689,14.5,305,35,42.5
Community_1690,14.5,305,44,35.9
Community_1691,16.1,305,33,15.2
Community_1692,14.5,305,36,28.1
Community_1693,1.2,305,71,25.3
Community_1694,1.5,305,36,34.3
Community_1695,11.7,305,33,44.0
Community_1696,14.5,305,41,35.9
Community_1697,7.4,305,34,42.9
Community_1698,13.3,305,34,42.1
Community_1699,3.4,305,64,28.1
Community_1700,1.5,305,33,27.3
Community_1701,14.5,305,47,31.6
Community_1702,15.5,305,33,44.0
Community_1703,14.5,305,38,36.2
Community_1704,14.5,305,70,24.9
Community_1705,2.5,305,35,43.7
Community_1706,10.2,305,33,44.8
Community_1707,15.5,305,38,42.9
Community_1708,15.5,305,83,19.1
Community_1709,2.5,305,33,45.2
Community_1710,1.5,305,33,29.2
Community_1711,14.5,305,32,28.8
Community_1712,9.6,305,36,37.8
Community_1713,10.2,305,34,32.4
Community_1714,11.7,305,34,43.7
Community_1715,1.5,305,33,38.6
Community_1716,8.7,305,35,43.7
Community_1717,15.5,305,48,34.7
Community_1718,6.2,305,41,40.2
Community_1719,11.1,305,77,22.2
Community_1720,13.6,305,46,38.2
Community_1721,3.7,305,61,29.6
Community_1722,3.4,305,61,28.8
Community_1723,9.9,305,33,44.8
Community_1724,8.7,305,33,44.4
Community_1725,1.5,305,34,36.6
Community_1726,12.7,305,33,45.6
Community_1727,14.5,305,46,25.3
Community_1728,1.2,305,59,31.6
Community_1729,14.2,305,49,35.5
Community_1730,14.5,305,37,30.8
Community_1731,17.0,305,32,44.4
Community_1732,3.4,305,37,40.9
Community_1733,14.5,305,52,26.1
Community_1734,11.7,305,39,41.3
Community_1735,7.4,305,33,45.2
Community_1736,9.9,305,33,44.8
Community_1737,16.1,305,33,42.5
Community_1738,12.7,305,48,36.2
Community_1739,10.2,305,36,42.9
Community_1740,2.2,305,33,40.5
Community_1741,2.5,305,33,44.4
Community_1742,15.5,305,46,37.4
Community_1743,1.5,305,34,30.8
Community_1744,8.0,305,33,44.8
Community_1745,11.4,305,33,44.4
Community_1746,16.7,305,32,46.0
Community_1747,8.7,305,36,42.1
Community_1748,1.5,305,40,33.9
Community_1749,7.4,305,33,44.8
Community_1750,3.4,305,59,31.2
Community_1751,12.1,305,34,34.7
Community_1752,15.5,305,70,23.8
Community_1753,10.2,305,46,36.6
Community_1754,3.4,305,43,38.6
Community_1755,13.6,305,48,36.2
Community_1756,17.0,305,33,42.5
Community_1757,3.4,305,36,43.7
Community_1758,7.4,305,33,45.2
Community_1759,12.7,305,33,44.8
Community_1760,1.5,305,82,7.8
Community_1761,12.7,305,35,44.0
Community_1762,12.7,305,33,45.6
Community_1763,12.7,305,34,44.4
Community_1764,6.2,305,40,41.7
Community_1765,8.7,305,34,43.3
Community_1766,2.5,305,34,43.3
Community_1767,7.4,305,33,41.7
Community_1768,1.5,305,54,23.4
Community_1769,14.8,305,32,44.8
Community_1770,1.5,305,33,42.5
Community_1771,14.5,305,32,28.4
Community_1772,11.7,305,36,43.7
Community_1773,11.7,305,33,45.2
Community_1774,3.4,305,69,23.8
Community_1775,12.1,305,33,36.6
Community_1776,3.4,305,64,29.2
Community_1777,5.3,305,33,44.8
Community_1778,15.5,305,77,20.3
Community_1779,1.5,305,36,19.9
Community_1780,12.7,305,53,32.7
Community_1781,10.2,305,33,44.8
Community_1782,16.1,305,33,42.1
Community_1783,2.5,305,33,44.4
Community_1784,6.5,305,71,24.6
Community_1785,14.5,305,66,22.6
Community_1786,11.7,305,33,45.2
Community_1787,2.5,305,33,44.8
Community_1788,14.8,305,34,39.0
Community_1789,10.2,305,41,38.2
Community_1790,1.5,305,54,20.6
Community_1791,11.1,305,67,26.9
Community_1792,14.2,305,35,44.0
Community_1793,10.2,305,53,32.0
Community_1794,2.5,305,33,44.4
Community_1795,1.5,305,33,37.8
Community_1796,16.1,337,34,38.2
Community_1797,3.4,337,36,43.3
Community_1798,7.4,337,34,44.0
Community_1799,14.5,337,33,42.9
Community_1800,1.5,337,34,39.8
Community_1801,11.7,337,33,45.6
Community_1802,13.6,337,73,24.6
Community_1803,12.7,337,34,44.0
Community_1804,11.7,337,38,42.5
Community_1805,9.9,337,33,45.2
Community_1806,5.6,337,33,44.4
Community_1807,16.1,337,34,39.4
Community_1808,7.4,337,33,45.6
Community_1809,8.7,337,87,15.6
Community_1810,14.5,337,34,42.9
Community_1811,10.2,337,66,20.6
Community_1812,5.3,337,39,42.1
Community_1813,10.2,337,36,40.2
Community_1814,14.5,337,41,24.6
Community_1815,8.7,337,41,39.8
Community_1816,10.8,337,72,16.8
Community_1817,2.5,337,33,44.4
Community_1818,11.1,337,71,25.3
Community_1819,2.5,337,33,44.8
Community_1820,1.5,337,33,32.7
Community_1821,16.1,337,36,39.8
Community_1822,1.5,337,43,25.7
Community_1823,8.3,337,91,10.1
Community_1824,8.7,337,40,41.3
Community_1825,7.4,337,33,45.2
Community_1826,8.7,337,35,43.7
Community_1827,10.2,337,33,44.4
Community_1828,0.0,337,36,43.3
Community_1829,1.5,337,34,33.1
Community_1830,14.8,337,37,37.8
Community_1831,14.5,337,35,30.4
Community_1832,3.4,337,57,32.0
Community_1833,10.2,337,33,41.7
Community_1834,11.4,337,32,45.2
Community_1835,7.4,337,34,44.4
Community_1836,10.2,337,73,10.9
Community_1837,3.7,337,91,10.9
Community_1838,12.1,337,38,38.2
Community_1839,12.1,337,50,31.2
Community_1840,2.5,337,41,38.2
Community_1841,5.3,337,49,37.0
Community_1842,8.3,337,65,28.1
Community_1843,3.7,337,91,14.4
Community_1844,6.5,337,53,33.9
Community_1845,10.2,337,34,39.0
Community_1846,10.2,337,44,39.0
Community_1847,14.5,337,34,40.9
Community_1848,10.2,337,91,7.0
Community_1849,14.5,337,33,44.8
Community_1850,15.5,337,91,7.0
Community_1851,8.3,337,39,40.9
Community_1852,3.4,337,38,42.5
Community_1853,15.5,337,44,39.4
Community_1854,11.4,337,33,43.7
Community_1855,14.5,337,36,42.5
Community_1856,16.4,337,34,44.8
Community_1857,14.2,337,39,42.1
Community_1858,16.4,337,36,41.3
Community_1859,8.7,337,41,40.2
Community_1860,16.7,337,53,32.0
Community_1861,6.2,337,46,38.6
Community_1862,0.9,337,34,38.2
Community_1863,11.1,337,52,35.1
Community_1864,13.9,337,32,45.2
Community_1865,10.2,337,33,44.0
Community_1866,3.4,337,63,27.3
Community_1867,14.5,337,32,45.6
Community_1868,12.7,337,33,45.6
Community_1869,16.7,337,32,44.0
Community_1870,12.7,337,41,41.7
Community_1871,14.5,337,36,26.1
Community_1872,12.7,337,33,45.6
Community_1873,13.6,337,80,20.6
Community_1874,15.5,337,37,42.9
Community_1875,7.4,337,34,42.5
Community_1876,1.5,337,33,32.0
Community_1877,1.5,337,42,33.5
Community_1878,6.8,337,33,45.2
Community_1879,7.4,337,39,25.3
Community_1880,8.3,337,91,10.1
Community_1881,10.2,337,55,32.4
Community_1882,10.2,337,33,41.3
Community_1883,7.4,337,33,45.2
Community_1884,1.5,337,38,36.6
Community_1885,1.5,337,44,27.7
Community_1886,10.2,337,36,42.5
Community_1887,13.6,337,53,34.7
Community_1888,1.5,337,43,30.0
Community_1889,11.7,337,36,43.3
Community_1890,14.5,337,39,31.2
Community_1891,1.2,337,32,44.8
Community_1892,0.9,337,36,38.2
Community_1893,7.4,337,33,41.3
Community_1894,11.7,337,38,42.5
Community_1895,2.5,337,34,44.0
Community_1896,11.7,337,35,44.4
Community_1897,10.2,337,33,45.6
Community_1898,7.4,337,33,44.0
Community_1899,5.3,337,33,44.0
Community_1900,14.8,337,32,45.2
Community_1901,0.0,337,48,37.4
Community_1902,12.1,337,34,41.3
Community_1903,1.5,337,34,35.1
Community_1904,16.1,337,36,39.8
Community_1905,14.5,337,35,42.1
Community_1906,3.4,337,35,43.7
Community_1907,10.2,337,34,31.2
Community_1908,6.2,337,66,27.7
Community_1909,6.8,337,33,44.4
Community_1910,10.2,337,33,44.4
Community_1911,1.5,337,49,20.3
Community_1912,8.7,337,40,41.3
Community_1913,11.7,337,38,42.1
Community_1914,1.5,337,36,39.0
Community_1915,3.4,337,36,43.3
Community_1916,10.2,337,38,41.7
Community_1917,1.5,337,33,25.7
Community_1918,7.1,337,38,42.1
Community_1919,14.5,337,39,35.9
Community_1920,10.8,337,49,33.5
Community_1921,14.5,337,35,25.7
Community_1922,1.5,337,49,21.8
Community_1923,1.5,337,34,32.7
Community_1924,1.5,337,33,33.1
Community_1925,1.5,337,33,40.5
Community_1926,1.5,337,37,22.2
Community_1927,16.7,337,33,44.8
Community_1928,10.2,337,36,42.5
Community_1929,8.7,337,51,34.7
Community_1930,8.7,337,44,39.0
Community_1931,10.2,337,33,44.8
Community_1932,10.2,337,34,42.5
Community_1933,10.2,337,33,40.9
Community_1934,12.7,337,37,42.5
Community_1935,8.7,337,41,40.9
Community_1936,5.6,337,32,45.6
Community_1937,10.2,337,33,45.2
Community_1938,9.9,337,32,45.6
Community_1939,10.5,337,39,35.9
Community_1940,10.8,337,34,44.4
Community_1941,16.4,337,49,36.6
Community_1942,1.5,337,38,30.0
Community_1943,14.2,337,40,41.7
Community_1944,0.9,337,33,44.0
Community_1945,1.5,337,35,40.2
Community_1946,3.7,337,38,41.3
Community_1947,1.5,337,33,28.1
Community_1948,12.4,337,33,43.7
Community_1949,10.2,337,37,42.5
Community_1950,5.3,337,51,34.3
Community_1951,7.4,337,33,45.2
Community_1952,1.5,337,34,38.6
Community_1953,1.5,337,34,38.2
Community_1954,11.7,337,33,45.2
Community_1955,1.5,337,43,26.5
Community_1956,10.2,337,33,43.3
Community_1957,11.1,337,56,33.5
Community_1958,1.2,337,71,24.9
Community_1959,1.2,337,51,33.9
Community_1960,13.6,337,47,35.9
Community_1961,11.4,337,32,43.7
Community_1962,11.7,337,74,22.2
Community_1963,1.5,337,34,23.0
Community_1964,10.8,337,68,25.3
Community_1965,10.8,337,91,10.1
Community_1966,5.3,337,58,32.0
Community_1967,1.5,337,36,35.9
Community_1968,7.4,337,32,44.8
Community_1969,10.2,337,62,27.7
Community_1970,1.5,337,44,18.3
Community_1971,13.6,337,54,33.9
Community_1972,0.0,337,51,35.5
Community_1973,1.5,337,36,33.9
Community_1974,11.7,337,34,44.8
Community_1975,11.1,337,69,26.9
Community_1976,16.1,337,34,41.7
Community_1977,7.4,337,34,43.3
Community_1978,14.2,337,36,43.7
Community_1979,2.5,337,33,43.7
Community_1980,10.2,337,55,31.6
Community_1981,7.4,337,34,43.3
Community_1982,2.5,337,42,39.8
Community_1983,12.7,337,33,45.2
Community_1984,3.7,337,54,32.4
Community_1985,11.7,337,33,45.2
Community_1986,0.0,337,64,29.2
Community_1987,2.5,337,33,44.8
Community_1988,13.3,337,32,46.0
Community_1989,8.3,337,91,15.2
Community_1990,3.4,337,38,40.9
Community_1991,1.5,337,59,17.9
Community_1992,2.5,337,47,33.9
Community_1993,7.4,337,36,40.9
Community_1994,1.5,337,40,24.9
